City_ID,City,Country,Lat,Lng,Max Temp,Humidity,Cloudiness,Wind Speed,Current Description
0,Yellowknife,CA,62.456,-114.3525,55.56,86,90,2.3,moderate rain
1,Sokoni,TZ,-6.4333,39.55,75.06,75,8,9.33,clear sky
2,Vaini,TO,-21.2,-175.2,71.76,88,75,5.75,broken clouds
3,Kathu,TH,7.9178,98.3332,92.62,76,72,7.02,broken clouds
4,Chuy,UY,-33.6971,-53.4616,51.57,81,18,7.52,few clouds
5,Meulaboh,ID,4.1363,96.1285,81.52,83,95,4.79,overcast clouds
6,Imbituba,BR,-28.24,-48.6703,64.29,92,10,9.48,clear sky
7,Mahebourg,MU,-20.4081,57.7,70.09,94,75,9.22,light rain
8,Albany,US,42.6001,-73.9662,67.95,94,100,2.26,overcast clouds
9,Khatanga,RU,71.9667,102.5,33.91,94,100,9.42,light rain
10,Cape Town,ZA,-33.9258,18.4232,53.11,88,70,4.38,fog
11,Mattru,SL,7.6244,-11.8332,75.65,97,99,1.95,overcast clouds
12,Olinda,BR,-8.0089,-34.8553,73.13,78,0,5.32,clear sky
13,Adrar,MR,20.5022,-10.0711,85.69,28,41,18.72,scattered clouds
14,Cherskiy,RU,68.75,161.3,69.55,23,99,8.63,overcast clouds
15,Bredasdorp,ZA,-34.5322,20.0403,48.27,93,57,1.19,broken clouds
16,Arrecife,ES,28.963,-13.5477,66.27,77,20,10.36,few clouds
17,Pochutla,MX,15.7432,-96.4661,77.83,85,39,2.98,scattered clouds
18,Rikitea,PF,-23.1203,-134.9692,72.73,69,79,13.89,broken clouds
19,Calbuco,CL,-41.768,-73.1273,49.21,90,100,9.08,light rain
20,Nabire,ID,-3.3667,135.4833,81.93,82,81,5.26,broken clouds
21,Lebu,CL,-37.6167,-73.65,54.75,94,100,4.32,overcast clouds
22,Nikolskoye,RU,59.7035,30.7861,62.49,54,47,4.97,scattered clouds
23,Barrow,US,71.2906,-156.7887,32.02,86,90,17.27,overcast clouds
24,Port-Gentil,GA,-0.7193,8.7815,78.76,89,40,6.91,scattered clouds
25,Jamestown,US,42.097,-79.2353,65.52,96,90,1.01,overcast clouds
26,Kapaa,US,22.0752,-159.319,76.98,84,90,1.01,light rain
27,Lata,PT,40.1629,-8.3327,57.81,96,10,3.13,clear sky
28,Severo-Kurilsk,RU,50.6789,156.125,47.08,72,49,6.76,scattered clouds
29,Dikson,RU,73.5069,80.5464,30.72,98,99,14.61,light snow
30,San Quintin,MX,30.4833,-115.95,68.43,86,1,3.96,clear sky
31,Puerto Ayora,EC,-0.7393,-90.3518,73.54,88,63,7.0,broken clouds
32,Saint-Joseph,RE,-21.3667,55.6167,73.76,74,20,13.51,light rain
33,Clyde River,CA,70.4692,-68.5914,28.63,93,90,14.97,light rain
34,Prince Rupert,CA,54.3161,-130.3201,50.09,84,90,9.22,light rain
35,Sabha,LY,27.0377,14.4283,84.04,26,3,9.13,clear sky
36,Atuona,PF,-9.8,-139.0333,79.43,81,23,18.41,light rain
37,Gualaquiza,EC,-3.4,-78.55,61.09,99,32,1.36,light rain
38,Half Moon Bay,US,37.4636,-122.4286,68.45,80,75,5.75,mist
39,Dole,FR,47.0833,5.5,67.01,82,0,2.3,clear sky
40,Le Port,RE,-20.9373,55.2919,75.16,81,4,5.88,clear sky
41,Cayenne,GF,4.9333,-52.3333,76.08,90,90,6.62,fog
42,Tuktoyaktuk,CA,69.4541,-133.0374,33.8,93,90,12.66,mist
43,Stornoway,GB,58.2093,-6.3865,53.92,82,40,16.11,scattered clouds
44,Port Alfred,ZA,-33.5906,26.891,53.19,72,38,7.16,scattered clouds
45,Sola,VU,-13.8833,167.55,79.2,76,93,14.94,overcast clouds
46,Asyut,EG,27.181,31.1837,73.58,38,17,16.2,few clouds
47,Vuktyl,RU,63.8567,57.3094,57.25,39,3,7.16,clear sky
48,Ushuaia,AR,-54.8,-68.3,24.46,93,0,10.36,clear sky
49,Mount Isa,AU,-20.7333,139.5,71.37,37,33,13.8,scattered clouds
50,Luderitz,NA,-26.6481,15.1594,66.07,41,0,20.31,clear sky
51,Hervey Bay,AU,-25.2986,152.8535,70.03,62,93,4.0,overcast clouds
52,Hilo,US,19.7297,-155.09,78.53,73,1,8.05,clear sky
53,Punta Arenas,CL,-53.15,-70.9167,35.71,93,90,6.55,light rain
54,Karratha,AU,-20.7377,116.8463,71.01,42,98,21.09,overcast clouds
55,Ondjiva,AO,-17.0667,15.7333,44.69,32,0,7.38,clear sky
56,Mataura,NZ,-46.1927,168.8643,49.48,91,61,3.47,broken clouds
57,Krasnoselkup,RU,65.7,82.4667,45.91,41,60,12.59,broken clouds
58,Egvekinot,RU,66.3167,-179.1667,34.07,57,67,6.64,broken clouds
59,Hobart,AU,-42.8794,147.3294,49.86,52,20,1.01,few clouds
60,Faya,SA,18.3851,42.4509,70.32,13,40,7.74,scattered clouds
61,Kavaratti,IN,10.5669,72.642,84.16,76,96,18.12,overcast clouds
62,Port Elizabeth,ZA,-33.918,25.5701,43.09,87,0,2.3,clear sky
63,Kaitangata,NZ,-46.2817,169.8464,53.92,67,52,3.76,broken clouds
64,Saint-Philippe,RE,-21.3585,55.7679,74.75,78,43,15.61,light rain
65,Mastic Beach,US,40.7668,-72.8521,66.4,89,90,1.01,mist
66,Puerto Cabezas,NI,14.0351,-83.3888,77.67,83,23,6.76,few clouds
67,Nhulunbuy,AU,-12.2333,136.7667,83.01,65,75,17.27,broken clouds
68,Ulladulla,AU,-35.35,150.4667,65.3,71,64,14.34,broken clouds
69,Banjar,ID,-8.19,114.9675,85.86,69,77,1.12,broken clouds
70,Terme,TR,41.2092,36.9739,64.96,63,24,2.77,few clouds
71,Kentau,KZ,43.5206,68.5094,88.66,20,0,3.71,clear sky
72,Longyearbyen,SJ,78.2186,15.6401,35.44,87,75,6.91,light rain
73,Esperance,AU,-33.8667,121.9,66.04,54,0,12.64,clear sky
74,Castro,BR,-24.7911,-50.0119,56.28,99,51,5.17,broken clouds
75,Lubu,CN,23.1742,112.2809,79.88,86,100,4.38,light rain
76,Tuatapere,NZ,-46.1333,167.6833,49.82,86,74,7.36,broken clouds
77,Thompson,CA,55.7435,-97.8558,53.76,62,90,3.44,overcast clouds
78,Shingu,JP,33.7333,135.9833,70.92,94,100,14.9,overcast clouds
79,Acajutla,SV,13.5928,-89.8275,81.81,81,12,4.0,few clouds
80,Walvis Bay,NA,-22.9575,14.5053,68.95,18,0,21.3,clear sky
81,Verkhnevilyuysk,RU,63.4453,120.3167,86.02,21,74,10.18,broken clouds
82,Chicama,PE,-7.8447,-79.1469,65.73,80,13,4.59,few clouds
83,Yar-Sale,RU,66.8333,70.8333,47.43,52,36,19.06,scattered clouds
84,Hasaki,JP,35.7333,140.8333,71.82,91,100,34.49,light rain
85,Aklavik,CA,68.2191,-135.0107,45.32,93,100,8.05,light rain
86,Hermanus,ZA,-34.4187,19.2345,51.91,71,87,7.07,overcast clouds
87,Novhorodka,UA,48.3651,32.6578,55.51,93,98,13.4,overcast clouds
88,Busselton,AU,-33.65,115.3333,65.05,63,75,14.36,broken clouds
89,Rayagada,IN,19.1667,83.4167,94.6,52,28,2.66,scattered clouds
90,Butaritari,KI,3.0707,172.7902,81.84,78,77,7.11,moderate rain
91,Innisfail,AU,-17.5333,146.0333,82.87,69,29,8.41,scattered clouds
92,Bambous Virieux,MU,-20.3428,57.7575,70.05,94,75,17.47,light rain
93,Bosaso,SO,11.2842,49.1816,91.38,52,0,13.8,clear sky
94,Upernavik,GL,72.7868,-56.1549,30.54,73,54,4.21,broken clouds
95,Bay Roberts,CA,47.5999,-53.2648,56.95,83,100,5.01,overcast clouds
96,Hami,CN,42.8,93.45,95.65,8,73,6.85,broken clouds
97,Vila Franca Do Campo,PT,37.7167,-25.4333,59.41,78,22,4.65,few clouds
98,Westport,US,41.1415,-73.3579,68.61,96,90,1.01,overcast clouds
99,East London,ZA,-33.0153,27.9116,52.74,76,0,6.91,clear sky
100,Bwanga,TZ,-3.0308,31.7601,65.75,73,93,3.71,overcast clouds
101,Nome,US,64.5011,-165.4064,36.16,55,75,11.5,broken clouds
102,Port Blair,IN,11.6667,92.75,87.48,65,35,6.82,scattered clouds
103,Fortuna,US,40.5982,-124.1573,56.35,73,90,3.0,overcast clouds
104,Point Pleasant,US,40.0832,-74.0682,71.71,88,75,1.01,broken clouds
105,Kralendijk,BQ,12.15,-68.2667,80.58,78,20,13.8,few clouds
106,Montevideo,UY,-34.8335,-56.1674,53.31,76,0,11.72,clear sky
107,Great Falls,US,47.5002,-111.3008,74.59,55,1,1.01,clear sky
108,Tiksi,RU,71.6872,128.8694,32.31,95,100,5.59,light snow
109,Khorramshahr,IR,30.4397,48.1664,87.75,9,0,20.58,clear sky
110,Hokitika,NZ,-42.7167,170.9667,52.79,77,100,3.8,overcast clouds
111,Helong,CN,42.5397,128.9972,66.9,46,77,14.45,broken clouds
112,Ixtapa,MX,20.7,-105.2,77.23,87,99,5.01,overcast clouds
113,Bethel,US,41.3712,-73.414,67.35,92,100,5.73,overcast clouds
114,Comodoro Rivadavia,AR,-45.8667,-67.5,42.66,81,0,13.8,clear sky
115,Bandarbeyla,SO,9.4942,50.8122,83.37,66,100,20.13,overcast clouds
116,Mound,US,44.9366,-93.6661,80.2,70,75,6.87,broken clouds
117,Poum,NC,-20.2333,164.0167,75.31,60,38,8.25,scattered clouds
118,Menongue,AO,-14.6585,17.691,43.48,54,8,4.09,clear sky
119,Gamba,GA,-2.65,10.0,74.55,93,7,4.38,clear sky
120,Buala,SB,-8.145,159.5921,84.25,73,100,7.65,overcast clouds
121,Narsaq,GL,60.9167,-46.05,43.02,76,37,0.92,scattered clouds
122,Namatanai,PG,-3.6667,152.4333,83.75,72,82,5.39,broken clouds
123,Bayangol,RU,50.6977,103.4656,76.41,19,6,4.65,clear sky
124,Carnarvon,AU,-24.8667,113.6333,71.67,49,0,10.36,clear sky
125,Arraial Do Cabo,BR,-22.9661,-42.0278,73.15,82,0,4.43,clear sky
126,Linxia,CN,35.6003,103.2064,73.8,26,2,5.57,clear sky
127,Camacha,PT,33.0833,-16.3333,60.22,59,20,12.66,few clouds
128,Maningrida,AU,-12.0667,134.2667,88.79,44,59,10.27,broken clouds
129,Saskylakh,RU,71.9167,114.0833,35.85,96,100,6.38,overcast clouds
130,Sovetskiy,RU,61.3614,63.5842,52.59,36,3,7.16,clear sky
131,Tigil,RU,57.8,158.6667,54.81,68,95,16.82,overcast clouds
132,Avarua,CK,-21.2078,-159.775,76.26,77,27,7.38,scattered clouds
133,Mar Del Plata,AR,-38.0023,-57.5575,60.01,45,0,20.0,clear sky
134,Kangaba,ML,11.9333,-8.4167,82.94,45,70,4.5,broken clouds
135,Erdenet,MN,49.0333,104.0833,71.28,31,0,5.88,clear sky
136,Balabac,PH,7.9868,117.0645,87.28,70,100,9.48,overcast clouds
137,Kendari,ID,-3.945,122.4989,73.54,97,100,5.75,overcast clouds
138,New Norfolk,AU,-42.7826,147.0587,49.5,38,30,8.88,scattered clouds
139,Saurimo,AO,-9.6608,20.3916,59.27,51,44,7.34,scattered clouds
140,Madang,PG,-5.2246,145.7966,84.58,72,57,5.48,broken clouds
141,Provideniya,RU,64.3833,-173.3,39.31,65,90,6.71,overcast clouds
142,Bida,NG,9.0833,6.0167,73.53,86,100,4.94,overcast clouds
143,Saryozek,KZ,44.3583,77.9753,83.28,26,39,17.94,scattered clouds
144,Wukari,NG,7.85,9.7833,72.14,92,100,4.52,overcast clouds
145,Qaanaaq,GL,77.484,-69.3632,22.89,73,15,6.62,few clouds
146,Horki,BY,54.2861,30.9842,53.58,81,59,6.08,broken clouds
147,Taoudenni,ML,22.6783,-3.9836,91.63,23,100,27.11,overcast clouds
148,Slonim,BY,53.0867,25.3219,58.37,76,64,4.32,broken clouds
149,Sinj,HR,43.7036,16.6394,62.49,68,0,4.5,clear sky
150,Bluff,NZ,-46.6,168.3333,49.8,78,29,11.79,scattered clouds
151,Devils Lake,US,48.1128,-98.8651,75.31,50,1,9.22,clear sky
152,Tuscaloosa,US,33.2098,-87.5692,71.38,92,20,0.0,few clouds
153,Taksimo,RU,56.3444,114.8794,78.76,34,5,3.65,clear sky
154,Gilgit,PK,35.9221,74.3087,80.44,18,0,2.66,clear sky
155,San Cristobal,VE,7.7669,-72.225,65.71,98,87,3.0,overcast clouds
156,Tarsus,TR,36.9188,34.8784,75.58,62,3,2.75,clear sky
157,Belmonte,BR,-15.8631,-38.8828,75.7,89,81,5.44,broken clouds
158,Chokurdakh,RU,70.6333,147.9167,58.95,61,100,8.16,overcast clouds
159,Taman,RU,45.2117,36.7161,61.12,85,100,9.93,overcast clouds
160,Carahue,CL,-38.7,-73.1667,50.2,97,100,2.93,overcast clouds
161,Rosenberg,SK,49.0748,19.3075,54.95,73,10,1.52,clear sky
162,Santa Cruz,BO,-17.8,-63.1667,69.26,94,67,5.17,broken clouds
163,Quatre Cocos,MU,-20.2078,57.7625,71.1,75,26,17.13,light rain
164,Mbandaka,CD,0.0487,18.2603,69.91,95,38,2.19,scattered clouds
165,Sijunjung,ID,-0.6876,100.9537,83.46,84,100,0.22,overcast clouds
166,Buraydah,SA,26.326,43.975,90.05,11,56,5.35,broken clouds
167,Georgetown,MY,5.4112,100.3354,91.35,62,20,5.99,few clouds
168,Mossendjo,CG,-2.9506,12.7261,66.87,100,27,1.01,scattered clouds
169,Lautaro,CL,-38.5167,-72.45,48.18,96,100,1.57,overcast clouds
170,Turukhansk,RU,65.8167,87.9833,41.58,63,89,11.21,overcast clouds
171,Ribeira Grande,PT,38.5167,-28.7,62.53,71,99,12.66,overcast clouds
172,Tabou,CI,4.423,-7.3528,79.32,87,99,7.65,light rain
173,Esna,EG,25.2934,32.554,77.02,23,88,21.92,overcast clouds
174,Nishihara,JP,26.1842,127.7558,89.26,81,75,15.93,broken clouds
175,Husavik,IS,66.0449,-17.3389,42.71,61,89,7.14,overcast clouds
176,Hithadhoo,MV,-0.6,73.0833,83.23,75,100,18.05,light rain
177,Naro,IT,37.2935,13.7936,66.92,61,42,2.64,scattered clouds
178,Mahanoro,MG,-19.9,48.8,71.49,79,2,3.0,clear sky
179,Flinders,AU,-34.5833,150.8552,65.48,61,62,5.01,broken clouds
180,Bengkulu,ID,-3.8004,102.2655,83.77,76,79,5.1,light rain
181,Saint-Pierre,RE,-21.3393,55.4781,74.84,58,0,5.75,clear sky
182,Bredy,RU,52.4153,60.3411,58.05,58,97,23.24,overcast clouds
183,Ilulissat,GL,69.2167,-51.1,37.42,75,90,3.44,overcast clouds
184,Souillac,MU,-20.5167,57.5167,70.18,94,75,17.38,light rain
185,Faanui,PF,-16.4833,-151.75,81.21,71,80,6.67,broken clouds
186,Ust-Nera,RU,64.5667,143.2,65.75,26,12,4.83,few clouds
187,Haines Junction,CA,60.7522,-137.5108,51.75,30,9,9.22,clear sky
188,Greymouth,NZ,-42.4667,171.2,51.91,81,95,2.82,overcast clouds
189,Kodiak,US,57.79,-152.4072,51.31,71,90,6.91,overcast clouds
190,Chapais,CA,49.7834,-74.8492,56.98,96,89,6.33,overcast clouds
191,Broome,US,42.2506,-75.833,65.64,97,90,1.01,mist
192,Aksu,CN,41.1231,80.2644,86.97,19,21,4.41,few clouds
193,Paita,PE,-5.0892,-81.1144,67.55,81,8,8.88,clear sky
194,Mehamn,NO,71.0357,27.8492,58.95,51,0,12.66,clear sky
195,Portel,BR,-1.9356,-50.8211,73.38,97,63,2.95,broken clouds
196,Qaqortoq,GL,60.7167,-46.0333,43.3,85,31,2.15,scattered clouds
197,Pandan,PH,14.0453,124.1694,88.18,65,50,2.91,scattered clouds
198,Kalanguy,RU,51.0167,116.5167,67.35,41,30,16.84,scattered clouds
199,Spearfish,US,44.4908,-103.8594,70.11,46,1,1.99,clear sky
200,Ginda,IN,30.6945,78.4932,80.13,26,1,6.22,clear sky
201,Takoradi,GH,4.8845,-1.7554,78.84,88,64,4.9,light rain
202,Khani,GE,41.9563,42.9566,56.77,46,56,2.26,broken clouds
203,Airai,TL,-8.9266,125.4092,74.97,51,49,3.67,scattered clouds
204,Atlantic City,US,39.3643,-74.4229,70.48,92,90,18.37,overcast clouds
205,Ossora,RU,59.2353,163.0719,50.36,67,63,3.91,broken clouds
206,Liaozhong,CN,41.5061,122.7242,63.09,41,100,19.28,light rain
207,Alofi,NU,-19.0595,-169.9187,78.33,71,85,3.4,light rain
208,Shelburne,CA,44.0787,-80.2041,62.49,84,1,7.14,clear sky
209,Nadym,RU,65.5333,72.5167,48.2,44,21,14.56,few clouds
210,Puhja,EE,58.3419,26.3147,57.24,90,100,3.15,overcast clouds
211,Caravelas,BR,-17.7125,-39.2481,73.17,88,100,5.91,overcast clouds
212,Luanda,AO,-8.8368,13.2343,77.0,88,75,4.61,broken clouds
213,Garmsar,IR,35.2182,52.3409,96.4,10,1,3.98,clear sky
214,Isangel,VU,-19.55,169.2667,78.91,65,75,11.77,broken clouds
215,Ketchikan,US,55.3422,-131.6461,49.98,93,90,11.5,moderate rain
216,Erenhot,CN,43.6475,111.9767,65.44,30,10,15.61,clear sky
217,Surt,LY,31.2089,16.5887,70.16,77,21,14.83,few clouds
218,Manono,CD,-7.3,27.4167,72.09,74,97,3.11,overcast clouds
219,Bayan,CN,46.0833,127.4,58.21,72,99,11.65,overcast clouds
220,Zonguldak,TR,41.25,31.8333,55.09,82,92,6.82,overcast clouds
221,Tautira,PF,-17.7333,-149.15,78.82,77,52,17.49,light rain
222,Goure,NE,13.9835,10.2704,84.7,18,38,6.51,scattered clouds
223,Cidreira,BR,-30.1811,-50.2056,59.86,91,3,12.95,clear sky
224,Doha,QA,25.2867,51.5333,98.58,36,0,12.66,clear sky
225,Rosarito,MX,32.3333,-117.0333,63.57,81,24,2.46,few clouds
226,Visnes,NO,59.3556,5.2242,64.78,67,0,9.22,clear sky
227,San Juan,AR,-31.5375,-68.5364,74.73,39,100,1.16,overcast clouds
228,Nazare,BR,-13.035,-39.0144,67.44,98,42,3.29,scattered clouds
229,Lasa,IT,46.6166,10.7002,59.88,90,33,2.01,scattered clouds
230,Hun,LY,29.1268,15.9477,77.92,38,53,3.27,broken clouds
231,Mana,GF,5.6592,-53.7767,76.48,91,99,6.51,overcast clouds
232,Leningradskiy,RU,69.3833,178.4167,31.82,86,27,8.61,scattered clouds
233,Aksarka,RU,66.5606,67.7975,52.45,41,90,16.31,overcast clouds
234,Pittsburg,US,38.028,-121.8847,73.36,40,1,8.97,clear sky
235,Sorland,NO,67.667,12.6934,57.27,80,4,8.01,clear sky
236,Marawi,PH,7.9986,124.2928,83.89,56,84,6.11,broken clouds
237,Victoria,HK,22.2855,114.1577,87.04,89,95,5.99,light rain
238,Toora-Khem,RU,52.4675,96.11,81.7,28,70,1.54,broken clouds
239,Dunedin,NZ,-45.8742,170.5036,53.8,70,45,3.0,scattered clouds
240,Padang,ID,-0.9492,100.3543,84.88,72,100,6.08,overcast clouds
241,Genhe,CN,50.7833,121.5167,56.59,81,100,14.94,overcast clouds
242,Berkakit,RU,56.5807,124.7681,68.76,29,54,11.92,broken clouds
243,Lagoa,PT,39.05,-27.9833,61.57,73,84,16.67,broken clouds
244,Te Anau,NZ,-45.4167,167.7167,49.68,93,100,4.29,overcast clouds
245,Cabo San Lucas,MX,22.8909,-109.9124,82.81,56,0,10.51,clear sky
246,Coihaique,CL,-45.5752,-72.0662,40.95,87,90,3.44,overcast clouds
247,Parana,AR,-31.732,-60.5238,62.55,71,7,8.14,clear sky
248,Tagusao,PH,9.1924,117.8141,85.91,72,100,3.22,overcast clouds
249,Tasiilaq,GL,65.6145,-37.6368,44.76,71,100,7.99,overcast clouds
250,Kavieng,PG,-2.5744,150.7967,83.73,72,84,7.14,broken clouds
251,Luancheng,CN,37.8792,114.6517,93.36,8,1,17.16,clear sky
252,Abonnema,NG,4.7084,6.7931,77.29,90,81,4.5,moderate rain
253,Yulara,AU,-25.2406,130.9889,64.24,42,82,9.22,broken clouds
254,Sinnamary,GF,5.3833,-52.95,76.91,91,100,7.27,overcast clouds
255,Ostrovnoy,RU,68.0531,39.5131,64.58,52,91,12.84,overcast clouds
256,Kautokeino,NO,69.0125,23.0412,65.86,43,72,4.9,broken clouds
257,Richards Bay,ZA,-28.783,32.0377,59.61,77,96,16.02,light rain
258,Lamar,US,33.6668,-95.5836,71.26,87,1,2.01,clear sky
259,Kalmunai,LK,7.4167,81.8167,80.67,83,100,8.9,overcast clouds
260,Casino,AU,-28.8667,153.05,71.55,43,0,6.91,clear sky
261,Saint George,US,37.1041,-113.5841,93.79,15,1,1.01,clear sky
262,Syamzha,RU,60.0158,41.0614,61.16,50,19,4.9,few clouds
263,Nanortalik,GL,60.1432,-45.2371,34.88,89,35,11.32,scattered clouds
264,Talcahuano,CL,-36.7167,-73.1167,56.88,100,90,4.61,light intensity drizzle
265,Rupert,US,42.6191,-113.6772,78.24,46,1,2.44,clear sky
266,Merauke,ID,-8.4667,140.3333,81.05,69,38,16.22,scattered clouds
267,Ponta Do Sol,PT,32.6667,-17.1,63.23,54,26,6.62,scattered clouds
268,Kerrobert,CA,51.9168,-109.1348,77.05,66,38,18.14,scattered clouds
269,Fairbanks,US,64.8378,-147.7164,70.14,33,75,11.5,broken clouds
270,Camopi,GF,3.1655,-52.3158,72.05,100,97,1.07,overcast clouds
271,Kaili,ID,-3.4626,120.2147,80.17,65,93,4.7,overcast clouds
272,Klaksvik,FO,62.2266,-6.589,50.92,97,39,14.43,scattered clouds
273,Bama,NG,11.5221,13.6856,83.32,48,24,6.42,few clouds
274,Pacifica,US,37.6138,-122.4869,68.34,84,20,3.0,mist
275,Ghanzi,BW,-21.5667,21.7833,44.01,59,0,7.27,clear sky
276,Cockburn Town,TC,21.4612,-71.1419,79.65,79,14,21.18,few clouds
277,Shenjiamen,CN,29.9576,122.298,65.41,89,100,4.65,light rain
278,Ust-Maya,RU,60.4167,134.5333,74.59,27,28,6.71,scattered clouds
279,Camacari,BR,-12.6975,-38.3242,78.57,92,18,3.89,few clouds
280,Oistins,BB,13.0667,-59.5333,80.69,65,40,19.57,scattered clouds
281,Magadan,RU,59.5667,150.8,42.67,85,100,3.69,overcast clouds
282,Bathsheba,BB,13.2167,-59.5167,81.21,65,40,19.08,scattered clouds
283,Kununurra,AU,-15.7667,128.7333,87.78,35,53,10.36,broken clouds
284,Eureka,US,40.8021,-124.1637,56.62,77,91,3.0,overcast clouds
285,Hambantota,LK,6.1241,81.1185,84.54,79,75,15.93,broken clouds
286,Ambilobe,MG,-13.2,49.05,76.3,67,56,2.82,broken clouds
287,Necochea,AR,-38.5473,-58.7368,59.04,77,88,19.55,overcast clouds
288,Raudeberg,NO,61.9875,5.1352,63.27,64,6,3.98,clear sky
289,Anadyr,RU,64.75,177.4833,37.9,69,0,10.11,clear sky
290,Vikulovo,RU,56.8167,70.6107,47.28,45,37,19.66,light rain
291,Pedasi,PA,7.5333,-80.0333,80.35,80,100,0.94,overcast clouds
292,Guerrero Negro,MX,27.9769,-114.0611,62.67,85,0,11.95,clear sky
293,Pringsewu,ID,-5.3582,104.9744,88.63,63,96,2.1,overcast clouds
294,Pisco,PE,-13.7,-76.2167,63.01,77,90,4.61,overcast clouds
295,Umea,SE,63.8284,20.2597,58.93,77,0,0.0,clear sky
296,Sao Joao Da Barra,BR,-21.6403,-41.0511,69.13,92,13,6.98,few clouds
297,Muros,ES,42.7762,-9.0603,53.83,93,50,5.75,scattered clouds
298,Dunmore East,IE,52.1514,-6.9861,53.69,74,35,11.07,scattered clouds
299,Tashtyp,RU,52.7939,89.8983,68.7,75,98,0.45,light rain
300,Vestmannaeyjar,IS,63.4427,-20.2734,48.61,87,100,27.47,overcast clouds
301,George Town,MY,5.4112,100.3354,91.35,62,20,5.99,few clouds
302,San Luis De Palenque,CO,5.4214,-71.7317,73.69,96,100,3.51,overcast clouds
303,Norman Wells,CA,65.282,-126.8329,53.64,87,75,5.75,light rain
304,Sinjar,IQ,36.3209,41.8754,80.71,20,4,3.56,clear sky
305,Douglas,US,41.3,-96.167,75.07,41,1,9.78,clear sky
306,Jibuti,DJ,11.5,42.5,83.62,55,32,6.02,scattered clouds
307,Saint-Denis,FR,48.9167,2.3333,63.21,94,90,10.36,overcast clouds
308,Acapulco,MX,16.8634,-99.8901,82.15,69,13,3.24,few clouds
309,Santa Maria,BR,-29.6842,-53.8069,56.89,80,0,4.23,clear sky
310,Shibetsu,JP,43.659,145.132,61.5,82,75,24.79,moderate rain
311,Alyangula,AU,-13.8483,136.4192,78.67,69,90,17.34,overcast clouds
312,Pangkalanbuun,ID,-2.6833,111.6167,92.88,47,91,3.31,overcast clouds
313,Maunabo,PR,18.0072,-65.8993,80.44,86,94,12.53,overcast clouds
314,Naryan-Mar,RU,67.6713,53.087,61.92,33,36,13.73,scattered clouds
315,Fort Nelson,CA,58.8053,-122.7002,60.39,55,75,11.5,light rain
316,Bairiki,KI,1.3292,172.9752,86.0,70,75,9.55,broken clouds
317,Alvaraes,BR,-3.2208,-64.8042,72.95,95,96,2.17,overcast clouds
318,Flin Flon,CA,54.7682,-101.865,59.25,98,100,5.44,overcast clouds
319,Portland,US,45.5234,-122.6762,68.38,67,20,1.99,few clouds
320,Ayan,RU,56.45,138.1667,40.53,90,96,9.98,overcast clouds
321,Marsh Harbour,BS,26.5412,-77.0636,78.03,81,79,14.76,broken clouds
322,Beyneu,KZ,45.3167,55.2,79.61,39,0,17.81,clear sky
323,Mount Gambier,AU,-37.8333,140.7667,55.31,58,90,10.36,overcast clouds
324,Itarema,BR,-2.9248,-39.9167,76.17,82,2,12.08,clear sky
325,Viloco,BO,-16.95,-67.55,39.87,86,86,2.71,overcast clouds
326,Constitucion,CL,-35.3333,-72.4167,55.98,90,100,7.45,overcast clouds
327,San Patricio,US,28.017,-97.5169,75.29,91,100,9.4,light rain
328,Kindu,CD,-2.95,25.95,68.0,94,66,2.17,broken clouds
329,Benghazi,LY,32.1167,20.0667,70.23,57,3,15.75,clear sky
330,Houma,US,29.5958,-90.7195,75.2,97,1,0.0,clear sky
331,Peniche,PT,39.3558,-9.3811,58.73,82,74,20.94,broken clouds
332,Portobelo,PA,9.55,-79.65,78.82,87,96,7.78,overcast clouds
333,Hamilton,US,39.1834,-84.5333,63.45,97,75,3.62,broken clouds
334,Berdigestyakh,RU,62.0989,126.6992,82.9,27,19,6.06,few clouds
335,Kuah,MY,6.3265,99.8432,89.6,79,40,4.27,scattered clouds
336,Darnah,LY,32.767,22.6367,68.27,64,0,9.62,clear sky
337,Yangambi,CD,0.8102,24.4336,69.58,95,99,1.81,overcast clouds
338,Magole,TZ,-6.3667,37.3667,69.24,89,100,1.14,overcast clouds
339,Mackenzie,CA,55.2999,-123.1698,62.82,36,1,4.61,clear sky
340,Tomislavgrad,BA,43.7181,17.2267,43.54,78,0,4.32,clear sky
341,Gat,IL,31.61,34.7642,69.91,100,24,2.91,few clouds
342,Konza,KE,-1.7426,37.1294,59.18,88,100,1.1,overcast clouds
343,Avera,US,33.194,-82.5271,75.25,94,69,6.49,broken clouds
344,Port Keats,AU,-14.25,129.55,85.51,56,49,9.01,scattered clouds
345,Port Hueneme,US,34.1478,-119.1951,68.65,90,90,0.0,overcast clouds
346,Amga,RU,60.8953,131.9608,80.06,25,14,0.16,few clouds
347,Sitka,US,57.0531,-135.33,48.09,81,90,6.91,light rain
348,Kurilsk,RU,45.2333,147.8833,49.91,89,100,16.02,overcast clouds
349,General Pico,AR,-35.6566,-63.7568,57.4,77,99,5.35,overcast clouds
350,Hovd,MN,48.0056,91.6419,80.73,20,36,0.98,scattered clouds
351,Whitehorse,CA,60.7161,-135.0538,52.57,40,40,17.0,scattered clouds
352,Tambopata,PE,-12.7333,-69.1833,70.07,98,100,2.44,overcast clouds
353,Fort William,GB,56.8165,-5.1121,54.3,81,64,3.2,broken clouds
354,Chumphon,TH,10.3333,98.8333,89.71,53,64,6.4,broken clouds
355,Mackay,AU,-21.15,149.2,78.67,64,40,14.97,scattered clouds
356,Sioux Lookout,CA,50.1001,-91.917,71.98,49,75,4.61,broken clouds
357,Paamiut,GL,61.994,-49.6678,35.82,76,8,3.71,clear sky
358,Mirnyy,RU,62.5353,113.9611,83.16,20,84,12.17,broken clouds
359,Berlevag,NO,70.8578,29.0864,59.0,70,7,14.12,clear sky
360,Iqaluit,CA,63.7506,-68.5145,31.73,93,90,8.01,snow
361,Maragogi,BR,-9.0122,-35.2225,73.94,89,40,1.9,scattered clouds
362,Lumberton,US,34.6182,-79.0086,74.34,97,100,9.84,overcast clouds
363,Lorengau,PG,-2.0226,147.2712,82.54,77,84,2.35,broken clouds
364,Brownsville,US,25.9018,-97.4975,75.9,84,90,8.01,overcast clouds
365,Grindavik,IS,63.8424,-22.4338,52.56,93,90,22.88,mist
366,Reyes,BO,-14.3167,-67.3833,69.64,98,100,0.96,overcast clouds
367,Banda Aceh,ID,5.5577,95.3222,85.14,74,88,10.47,overcast clouds
368,Weinan,CN,34.5036,109.5089,83.89,11,0,9.06,clear sky
369,Jiayuguan,CN,39.8167,98.3,85.26,7,0,20.09,clear sky
370,Korla,CN,41.7597,86.1469,93.4,12,98,8.79,overcast clouds
371,Sturgis,US,41.7992,-85.4192,69.84,39,1,4.61,clear sky
372,Vallenar,CL,-28.5708,-70.7581,56.86,84,17,2.42,few clouds
373,Salalah,OM,17.0151,54.0924,82.49,78,75,3.44,broken clouds
374,Menomonie,US,44.8755,-91.9193,73.42,52,75,0.0,broken clouds
375,Chulman,RU,56.8479,124.9104,69.58,30,33,9.19,scattered clouds
376,Sao Filipe,CV,14.8961,-24.4956,72.81,78,17,10.42,few clouds
377,Massaguet,TD,12.4755,15.4365,89.64,35,55,3.27,broken clouds
378,Ukiah,US,39.1502,-123.2078,80.49,26,1,5.75,clear sky
379,Khlung,TH,12.4547,102.2214,89.92,61,98,7.67,overcast clouds
380,Los Llanos De Aridane,ES,28.6585,-17.9182,62.35,76,90,16.53,overcast clouds
381,Turochak,RU,52.2576,87.1224,78.28,56,100,1.12,overcast clouds
382,Voyvozh,RU,62.892,54.9635,59.45,33,6,6.89,clear sky
383,Zlobin,HR,45.2924,14.6541,61.38,85,0,2.53,clear sky
384,Soe,ID,-9.8607,124.284,82.8,45,61,9.6,broken clouds
385,Develi,TR,38.3906,35.4922,49.35,58,3,3.36,clear sky
386,Christchurch,NZ,-43.5333,172.6333,54.32,83,10,3.0,clear sky
387,Yeniseysk,RU,58.4497,92.1703,64.98,40,94,7.72,overcast clouds
388,Mangrol,IN,21.1167,70.1167,86.63,66,77,9.13,broken clouds
389,Dudinka,RU,69.4058,86.1778,33.66,97,100,12.01,overcast clouds
390,Rawson,AR,-43.3002,-65.1023,45.16,85,65,11.36,broken clouds
391,Sharan,RU,54.8167,54.0,58.66,62,98,19.84,overcast clouds
392,Ugoofaaru,MV,5.6667,73.0,82.8,71,100,16.87,overcast clouds
393,Beira,MZ,-19.8436,34.8389,68.09,88,20,11.5,few clouds
394,Roald,NO,62.5833,6.1333,64.0,48,0,9.22,clear sky
395,Santa Fe,AR,-31.6333,-60.7,63.0,70,10,1.99,clear sky
396,Nola,IT,40.922,14.5329,68.92,78,10,1.88,clear sky
397,Batticaloa,LK,7.7102,81.6924,81.01,84,100,8.16,overcast clouds
398,Beidao,CN,34.5686,105.8933,80.8,24,19,3.18,few clouds
399,Dingle,PH,10.9995,122.6711,89.28,65,85,8.03,overcast clouds
400,Praia Da Vitoria,PT,38.7333,-27.0667,62.76,82,20,6.11,few clouds
401,Mandalgovi,MN,45.7625,106.2708,68.52,24,0,7.92,clear sky
402,Basay,PH,9.4087,122.64,86.0,68,100,4.97,overcast clouds
403,Beringovskiy,RU,63.05,179.3167,35.1,87,88,5.01,overcast clouds
404,Luebo,CD,-5.35,21.4167,68.81,80,35,1.92,scattered clouds
405,La Ronge,CA,55.1001,-105.2842,59.25,82,75,3.44,broken clouds
406,Porto Novo,BJ,6.4965,2.6036,82.22,90,65,2.15,moderate rain
407,Meadow Lake,US,34.8014,-106.5436,77.25,33,81,8.41,broken clouds
408,Mumford,GH,5.2618,-0.759,78.93,87,52,5.1,moderate rain
409,Pevek,RU,69.7008,170.3133,38.89,60,78,1.52,broken clouds
410,Codrington,AU,-38.2667,141.9667,54.27,50,53,12.82,broken clouds
411,Vocklabruck,AT,48.0167,13.65,60.82,81,77,1.32,broken clouds
412,Virginia Beach,US,36.8529,-75.978,72.01,95,100,1.99,overcast clouds
413,San Pedro,PH,14.35,121.0167,94.23,61,20,15.14,few clouds
414,Rorvik,NO,64.8621,11.2373,57.31,82,0,5.75,clear sky
415,Cedar City,US,37.6775,-113.0619,77.97,13,1,4.61,clear sky
416,Linqing,CN,36.8456,115.7117,95.86,10,1,15.68,clear sky
417,Cascais,PT,38.6979,-9.4215,58.62,71,81,15.99,broken clouds
418,Safaga,EG,26.7292,33.9365,76.95,31,31,19.1,scattered clouds
419,Smithers,CA,54.7804,-127.1743,53.92,54,90,4.61,overcast clouds
420,Presidencia Roque Saenz Pena,AR,-26.7852,-60.4388,69.82,78,49,6.4,scattered clouds
421,Kudahuvadhoo,MV,2.6708,72.8944,83.64,69,100,15.43,overcast clouds
422,Xuchang,CN,34.0167,113.8167,90.48,11,22,14.16,few clouds
423,Kundgol,IN,15.25,75.25,82.02,59,97,6.22,overcast clouds
424,Kiruna,SE,67.8557,20.2251,59.92,48,0,3.44,clear sky
425,Majene,ID,-3.5403,118.9707,87.96,62,33,6.04,scattered clouds
426,Saquena,PE,-4.6667,-73.5167,73.71,95,96,0.76,overcast clouds
427,Guane,CU,22.2025,-84.0875,75.85,89,62,4.07,broken clouds
428,Aligudarz,IR,33.4006,49.6949,78.35,12,0,3.51,clear sky
429,Xai-Xai,MZ,-25.0519,33.6442,62.4,85,100,24.45,light rain
430,Belyy Yar,RU,53.6039,91.3903,76.89,50,40,9.48,moderate rain
431,Manzanillo,CU,20.3433,-77.1167,74.32,89,15,4.9,few clouds
432,Bouca,CF,6.5105,18.2733,69.96,92,46,4.16,light rain
433,Puerto Baquerizo Moreno,EC,-0.9,-89.6,71.71,86,25,11.45,scattered clouds
434,Chickasha,US,35.0526,-97.9364,71.92,77,40,4.61,scattered clouds
435,Tommot,RU,58.9564,126.2925,75.83,33,13,3.36,few clouds
436,Dharapuram,IN,10.7333,77.5167,85.84,61,100,9.46,overcast clouds
437,Altamira,BR,-3.2033,-52.2064,71.11,99,24,2.3,moderate rain
438,Springbok,ZA,-29.6643,17.8865,48.4,39,56,10.96,broken clouds
439,Sayyan,YE,15.1718,44.3244,69.28,17,34,8.72,scattered clouds
440,Rayong,TH,12.8333,101.4333,95.99,58,98,9.04,overcast clouds
441,Saldanha,ZA,-33.0117,17.9442,46.45,58,39,5.08,scattered clouds
442,Gornyye Klyuchi,RU,45.25,133.5,64.42,51,18,12.68,few clouds
443,Mitu,CO,1.1983,-70.1733,70.9,99,79,1.77,broken clouds
444,Jiwani,PK,25.05,61.7417,85.66,77,51,14.12,broken clouds
445,Ornskoldsvik,SE,63.2909,18.7153,58.15,67,0,2.89,clear sky
446,Opuwo,NA,-18.0607,13.84,50.04,26,0,8.99,clear sky
447,Suluq,LY,31.6682,20.2521,73.65,34,2,6.49,clear sky
448,Bilma,NE,18.6853,12.9164,90.27,12,19,7.11,few clouds
449,Roma,US,43.2128,-75.4557,67.66,94,90,0.0,overcast clouds
450,Moba,CN,33.2288,105.0179,69.76,45,85,5.26,overcast clouds
451,Taltal,CL,-25.4,-70.4833,58.73,88,52,6.04,broken clouds
452,Whitefish,US,48.4111,-114.3376,74.95,62,1,2.91,clear sky
453,Lluta,PE,-16.0147,-72.0142,51.15,50,78,1.36,broken clouds
454,Kahului,US,20.8947,-156.47,80.62,75,40,18.41,scattered clouds
455,Cherkasy,UA,49.4285,32.0621,56.37,81,48,12.57,scattered clouds
456,Goderich,CA,43.7501,-81.7165,64.72,77,21,8.05,few clouds
457,Lambarene,GA,-0.7001,10.2406,73.09,97,51,1.92,broken clouds
458,Ust-Karsk,RU,52.7011,118.8077,69.84,39,72,9.62,broken clouds
459,Suratgarh,IN,29.3167,73.9,95.04,31,17,4.05,few clouds
460,Pacific Grove,US,36.6177,-121.9166,61.81,89,20,1.01,few clouds
461,Vila Velha,BR,-20.3297,-40.2925,69.94,95,0,1.01,clear sky
462,Harper,LR,4.375,-7.7169,79.48,86,100,8.28,light rain
463,Pimentel,PE,-6.8367,-79.9342,66.0,83,7,9.37,clear sky
464,Rocha,UY,-34.4833,-54.3333,54.21,69,63,10.2,broken clouds
465,Sorong,ID,-0.8833,131.25,79.66,84,89,9.51,overcast clouds
466,Seymchan,RU,62.8833,152.4333,61.48,38,97,10.02,overcast clouds
467,Seddon,AU,-37.8068,144.8916,55.89,66,75,3.0,light rain
468,Les Cayes,HT,18.2,-73.75,78.08,82,23,5.5,few clouds
469,Olafsvik,IS,64.8945,-23.7142,47.43,83,100,14.29,light rain
470,Ouegoa,NC,-20.35,164.4333,75.78,58,61,3.67,broken clouds
471,Garissa,KE,-0.4536,39.6401,77.11,74,79,19.37,broken clouds
472,Howard Springs,AU,-12.497,131.047,89.51,56,23,8.01,few clouds
473,Sakakah,SA,29.9697,40.2064,81.97,17,3,5.19,clear sky
474,Awbari,LY,26.5921,12.7805,84.09,26,1,7.2,clear sky
475,Sanmenxia,CN,34.7747,111.1814,89.78,13,3,14.88,clear sky
476,Havoysund,NO,70.9963,24.6622,58.08,75,13,22.91,few clouds
477,Zhengjiatun,CN,43.5064,123.5064,71.44,34,39,14.43,scattered clouds
478,Flic En Flac,MU,-20.2742,57.3631,70.36,73,17,16.96,few clouds
479,Turayf,SA,31.6725,38.6637,68.25,45,0,11.5,clear sky
480,Murgab,TM,37.4966,61.9714,93.07,24,0,10.76,clear sky
481,Jinchang,CN,38.4953,102.1739,81.12,6,0,14.99,clear sky
482,Podor,MR,16.6527,-14.9587,87.44,25,15,12.82,few clouds
483,Qasigiannguit,GL,68.8193,-51.1922,37.65,95,100,3.53,overcast clouds
484,Sao Sebastiao,BR,-23.76,-45.4097,68.27,90,44,3.0,scattered clouds
485,Price,US,39.5994,-110.8107,79.86,19,1,3.44,clear sky
486,Katete,UG,-0.7818,29.7544,61.65,88,100,2.39,overcast clouds
487,Pemba,MZ,-12.974,40.5178,70.5,100,40,10.36,scattered clouds
488,Sechura,PE,-5.5569,-80.8222,67.86,76,5,9.89,clear sky
489,Tortoli,IT,39.9256,9.6572,66.81,94,0,3.44,clear sky
490,Baoning,CN,25.3378,110.026,76.86,61,40,3.33,scattered clouds
491,Vardo,NO,70.3705,31.1107,50.2,72,13,1.63,few clouds
492,Kologriv,RU,58.8275,44.3178,60.4,41,4,9.15,clear sky
493,Mayna,RU,54.1135,47.6231,53.62,66,34,21.43,scattered clouds
494,Borgarnes,IS,64.5383,-21.9206,56.8,75,99,7.07,overcast clouds
495,Kruisfontein,ZA,-34.0033,24.7314,46.69,70,72,5.7,broken clouds
496,Pokrovskoye,RU,47.4157,38.8971,56.8,86,93,6.87,overcast clouds
497,Palmer,US,42.1584,-72.3287,68.38,86,90,1.01,overcast clouds
498,Sobolevo,RU,54.4299,31.8996,56.66,75,60,8.23,broken clouds
499,Santa Rita Do Sapucai,BR,-22.2522,-45.7033,62.08,83,0,1.74,clear sky
500,Valle De Allende,MX,26.9333,-105.4,67.32,49,92,5.64,overcast clouds
501,Sambava,MG,-14.2667,50.1667,73.65,78,77,8.08,broken clouds
502,Jasidih,IN,24.5167,86.65,99.45,29,9,7.23,clear sky
503,Bae,ID,-6.7681,110.8617,88.9,52,51,10.09,broken clouds
504,Bodden Town,KY,19.2833,-81.25,81.93,56,4,12.06,clear sky
505,Namibe,AO,-15.1961,12.1522,71.08,69,0,4.83,clear sky
506,Geraldton,AU,-28.7667,114.6,73.13,56,0,5.88,clear sky
507,Iralaya,HN,15.0,-83.2333,79.88,79,7,8.37,clear sky
508,Mareeba,AU,-17.0,145.4333,78.44,68,59,3.96,broken clouds
509,Tevriz,RU,57.509,72.4042,46.78,43,62,15.01,broken clouds
510,Vitoria Do Mearim,BR,-3.4622,-44.8706,71.83,98,46,2.95,scattered clouds
511,Nuevo Progreso,MX,23.1667,-97.95,76.59,84,72,2.91,broken clouds
512,Caborca,MX,30.5838,-111.101,81.48,19,48,4.32,scattered clouds
513,Tessalit,ML,20.1986,1.0114,88.57,10,29,4.38,scattered clouds
514,Buta,CD,2.7858,24.73,70.56,99,100,0.6,overcast clouds
515,Lavrentiya,RU,65.5833,-171.0,33.66,80,100,2.17,overcast clouds
516,Lakeside,US,30.13,-81.7682,75.25,93,75,3.49,mist
517,Skjervoy,NO,70.0311,20.9714,57.2,69,3,2.59,clear sky
518,Yerbogachen,RU,61.2767,108.0108,77.22,41,90,2.51,overcast clouds
519,Sao Miguel Do Araguaia,BR,-13.275,-50.1628,71.29,48,28,3.76,scattered clouds
520,Sangar,RU,63.9242,127.4739,73.58,45,36,4.74,light rain
521,Zinder,NE,13.8072,8.9881,82.29,21,43,4.88,scattered clouds
522,Pimenta Bueno,BR,-11.6725,-61.1936,70.43,80,80,1.39,broken clouds
523,Basco,PH,20.4487,121.9702,83.25,78,51,29.04,broken clouds
524,Bowen,AU,-20.0167,148.2333,80.82,49,54,6.22,broken clouds
525,Ahipara,NZ,-35.1667,173.1667,58.15,68,18,4.97,few clouds
526,Liwale,TZ,-9.7667,37.9333,67.59,90,49,0.6,scattered clouds
527,Maldonado,UY,-34.6667,-54.9167,58.39,67,74,11.88,broken clouds
528,Tshikapa,CD,-6.4167,20.8,69.04,68,23,3.22,few clouds
529,Botou,CN,38.0667,116.5667,94.15,11,1,17.18,clear sky
530,Soto La Marina,MX,23.7667,-98.2167,75.78,79,81,6.42,broken clouds
531,Zhezkazgan,KZ,47.8043,67.7144,79.32,42,45,5.68,light rain
532,Penarroya-Pueblonuevo,ES,38.3,-5.2667,59.11,50,36,0.85,scattered clouds
533,Parintins,BR,-2.6283,-56.7358,73.17,98,97,2.84,overcast clouds
534,Batsfjord,NO,70.6345,29.7185,50.22,60,9,11.01,clear sky
535,Gladstone,AU,-23.85,151.25,67.93,49,100,9.22,overcast clouds
536,Staritsa,RU,56.5075,34.9354,58.35,63,30,7.58,scattered clouds
537,Vanimo,PG,-2.6741,141.3028,83.59,79,52,5.61,broken clouds
538,Katsuura,JP,35.1333,140.3,73.11,95,100,32.64,overcast clouds
539,Honningsvag,NO,70.9821,25.9704,58.53,54,0,10.36,clear sky
540,Tromso,NO,69.6496,18.957,59.65,62,0,1.01,clear sky
541,Yakeshi,CN,49.2833,120.7333,57.96,71,100,17.4,overcast clouds
542,San-Pedro,CI,4.7485,-6.6363,78.94,89,100,6.62,light rain
543,Ancud,CL,-41.8697,-73.8203,48.22,83,100,10.85,overcast clouds
544,Mahibadhoo,MV,3.7833,72.9667,84.09,66,100,16.49,overcast clouds
545,Niquelandia,BR,-14.4739,-48.4597,67.17,56,1,3.51,clear sky
546,Seabra,BR,-12.4186,-41.7703,56.93,91,2,3.2,clear sky
547,Dzaoudzi,YT,-12.7887,45.2699,80.49,74,75,12.66,broken clouds
548,Tiarei,PF,-17.5333,-149.3333,78.82,79,52,16.08,light rain
549,Nioro,GM,13.35,-15.75,77.63,58,78,5.14,broken clouds
550,Kysyl-Syr,RU,63.8986,122.7617,85.73,19,43,9.73,scattered clouds
551,Plettenberg Bay,ZA,-34.0527,23.3716,53.42,60,73,4.07,broken clouds
552,Kehychivka,UA,49.2866,35.7615,53.47,95,100,8.81,overcast clouds
553,Shuyskoye,RU,59.3736,41.0305,60.15,50,22,6.44,few clouds
554,Tezu,IN,27.9167,96.1667,89.44,54,96,3.78,overcast clouds
555,Atar,MR,20.5169,-13.0499,86.54,32,84,11.95,broken clouds
556,Scarborough,GB,54.2797,-0.4044,53.78,86,69,1.99,broken clouds
557,Kijang,KR,35.2442,129.2139,78.53,51,45,9.95,scattered clouds
558,Gaziantep,TR,37.0594,37.3825,69.73,40,0,11.52,clear sky
559,Horconcitos,PA,8.4682,-81.8007,68.83,94,100,3.09,overcast clouds
560,Kieta,PG,-6.2167,155.6333,81.84,81,100,3.13,light rain
561,Thames,NZ,-37.1333,175.5333,59.25,79,9,2.19,clear sky
562,Yushu,CN,44.8,126.5333,59.16,65,99,13.35,light rain
563,Sibolga,ID,1.7427,98.7792,82.15,84,100,2.64,overcast clouds
564,Port Lincoln,AU,-34.7333,135.8667,60.51,58,67,5.28,broken clouds
565,Kamina,CD,-8.7386,24.9906,62.47,82,29,3.02,scattered clouds
566,Vytegra,RU,61.0064,36.4481,61.99,53,2,3.6,clear sky
567,Santo Antonio Da Platina,BR,-23.295,-50.0772,61.14,87,0,5.32,clear sky
568,Aripuana,BR,-9.1667,-60.6333,71.17,67,39,2.06,scattered clouds
569,Yenagoa,NG,4.9247,6.2642,76.14,95,95,4.12,light rain
570,Rizhao,CN,35.4275,119.4553,83.88,25,0,18.16,clear sky
571,Quesnel,CA,52.9999,-122.5029,64.9,52,20,6.91,few clouds
572,Lompoc,US,34.6391,-120.4579,59.77,85,90,2.3,mist
573,Domoni,KM,-12.2569,44.5319,78.93,73,6,10.11,clear sky
574,Viedma,AR,-40.8135,-62.9967,54.09,78,100,12.91,overcast clouds
575,Zorgo,BF,12.2489,-0.6158,87.42,46,4,8.03,clear sky
576,Nsukka,NG,6.8561,7.3927,68.65,97,100,2.37,very heavy rain
577,Biga,TR,40.2281,27.2422,57.18,79,23,3.06,few clouds
578,Skotterud,NO,59.9828,12.1283,56.48,60,8,2.46,clear sky
579,Ponta Delgada,PT,37.7333,-25.6667,59.72,77,20,3.44,few clouds
580,Filadelfia,US,39.9523,-75.1638,71.11,94,90,5.99,overcast clouds
581,Bonfim,BR,3.0833,-59.95,73.33,96,100,3.4,overcast clouds
582,Traverse City,US,44.7631,-85.6206,66.94,77,90,0.0,overcast clouds
583,Dire,ML,12.2833,-10.9667,83.97,44,69,1.5,broken clouds
584,Saint-Georges,GD,12.0564,-61.7485,79.03,80,100,15.05,overcast clouds
585,Sar-E Pul,AF,35.8333,66.1667,82.62,15,0,5.1,clear sky
586,Mezen,RU,65.8522,44.24,70.23,40,55,12.41,broken clouds
587,Murashi,RU,59.3999,48.9615,59.13,43,2,8.05,clear sky
588,Puerto Ayacucho,VE,5.6639,-67.6236,74.68,93,100,3.4,overcast clouds
589,Puerto Escondido,MX,15.85,-97.0667,82.74,76,35,2.04,scattered clouds
590,Marzuq,YE,14.4,46.4667,81.64,31,99,4.5,overcast clouds
591,Karimganj,IN,24.8667,92.35,87.93,70,88,2.21,overcast clouds
592,Aniva,RU,46.7144,142.5294,57.31,98,100,20.76,overcast clouds
593,Osorno,CL,-40.5667,-73.15,48.51,93,75,3.44,broken clouds
594,Bend,US,44.0582,-121.3153,67.46,49,1,1.01,clear sky
595,Probolinggo,ID,-7.7543,113.2159,89.46,58,69,7.49,broken clouds
596,Rapid Valley,US,44.0625,-103.1463,72.57,53,1,1.01,clear sky
597,Verkhnyaya Inta,RU,65.9811,60.3094,54.63,42,22,16.78,few clouds
598,Bethlehem,BR,-1.4558,-48.5044,75.24,94,0,3.44,clear sky
599,Thyboron,DK,56.6985,8.2124,58.17,95,65,10.89,broken clouds
600,Khakhea,BW,-24.6895,23.494,44.06,70,0,6.26,clear sky
601,Mulege,MX,26.8833,-111.9833,80.67,35,0,2.39,clear sky
602,San Jose,US,37.3394,-121.895,68.49,68,20,5.75,few clouds
603,Bambanglipuro,ID,-7.95,110.2833,85.3,67,49,8.43,scattered clouds
604,Axim,GH,4.8699,-2.2405,78.84,88,50,5.73,light rain
605,Kuytun,RU,54.3419,101.5036,81.5,30,72,8.28,broken clouds
606,Masunga,BW,-20.6246,27.4488,45.57,77,0,11.54,clear sky
607,Fengcheng,CN,40.4536,124.0717,71.33,54,60,7.14,broken clouds
608,Talnakh,RU,69.4865,88.3972,33.87,100,100,6.49,light rain
609,Mabaruma,GY,8.2,-59.7833,72.64,99,100,1.99,overcast clouds
610,Mont-Saint-Aignan,FR,49.4631,1.0936,54.52,88,90,5.99,overcast clouds
611,Batagay,RU,67.6333,134.6333,81.36,23,100,14.18,overcast clouds
612,Sosua,DO,19.7667,-70.5167,75.24,86,46,11.9,scattered clouds
613,Itoman,JP,26.1247,127.6694,89.98,82,75,14.97,broken clouds
614,Xining,CN,36.6167,101.7667,70.21,20,0,4.76,clear sky
615,Chernyshevskiy,RU,63.0128,112.4714,77.97,31,100,3.4,overcast clouds
616,Chaman,PK,30.9236,66.4512,91.35,18,0,3.38,clear sky
617,Kushiro,JP,42.975,144.3747,52.75,100,75,23.69,fog
618,Itupiranga,BR,-5.1347,-49.3267,73.72,88,41,2.93,scattered clouds
619,Guca,RS,43.7767,20.2253,54.84,73,0,2.75,clear sky
620,Nador,MA,35.174,-2.9287,68.07,88,75,2.35,light rain
621,Manoel Urbano,BR,-8.8389,-69.2597,74.68,73,100,0.58,overcast clouds
622,Maceio,BR,-9.6658,-35.7353,72.84,100,75,2.77,broken clouds
623,Carauari,BR,-4.8828,-66.8958,77.32,77,98,1.97,moderate rain
624,Usman,RU,52.0466,39.7288,55.44,76,98,14.05,overcast clouds
625,Kangaatsiaq,GL,68.3065,-53.4641,33.78,85,100,2.93,overcast clouds
626,Chiang Rai,TH,19.9167,99.9167,94.05,66,20,4.61,few clouds
627,Yarim,YE,14.298,44.3779,66.13,20,24,9.15,few clouds
628,Wagar,SD,16.1525,36.2032,88.43,40,3,13.44,clear sky
629,Gravdal,NO,68.1214,13.5031,57.09,67,0,1.14,clear sky
630,Suez,EG,29.9737,32.5263,68.56,65,67,8.79,broken clouds
631,Syava,RU,58.0146,46.3222,58.57,43,0,11.12,clear sky
632,Kuminskiy,RU,58.6667,66.5667,49.19,38,6,10.92,clear sky
633,Tazovskiy,RU,67.4667,78.7,41.29,62,53,16.28,broken clouds
634,Makakilo City,US,21.3469,-158.0858,80.92,71,90,9.22,light rain
635,Whangamata,NZ,-37.2,175.8667,58.01,81,15,2.68,few clouds
636,Laguna,US,38.421,-121.4238,86.5,39,1,7.25,clear sky
637,Tura,IN,25.5198,90.2201,87.6,58,1,5.7,clear sky
638,Tartus,SY,34.889,35.8866,71.42,67,0,5.37,clear sky
639,Ambanja,MG,-13.6833,48.45,73.33,78,24,2.77,few clouds
640,Taitung,TW,22.7583,121.1444,89.87,66,75,14.97,broken clouds
641,Halifax,CA,44.6453,-63.5724,57.09,95,100,3.0,overcast clouds
642,Inta,RU,66.0317,60.1659,55.44,41,19,16.89,few clouds
643,Luena,AO,-11.7833,19.9167,48.74,59,9,5.12,clear sky
644,Ust-Kulom,RU,61.6864,53.6902,63.45,46,6,5.7,clear sky
645,Marsa Matruh,EG,31.3525,27.2453,68.2,68,0,6.91,clear sky
646,Uncia,BO,-18.467,-66.5685,41.29,56,24,3.89,few clouds
647,Torbay,CA,47.6666,-52.7314,56.17,74,75,11.5,broken clouds
648,Zhigansk,RU,66.7697,123.3711,69.15,45,100,5.3,overcast clouds
649,Hobyo,SO,5.3505,48.5268,80.91,77,100,20.74,overcast clouds
650,Pecos,US,31.4229,-103.4932,74.3,49,1,6.91,clear sky
651,Green River,US,41.5286,-109.4662,72.0,24,2,8.16,clear sky
652,Sibut,CF,5.718,19.0739,69.94,98,58,4.14,light rain
653,Aswan,EG,24.0934,32.907,83.3,20,27,20.22,scattered clouds
654,Phalodi,IN,27.1333,72.3667,95.0,35,38,4.56,scattered clouds
655,Sao Gabriel Da Cachoeira,BR,-0.1303,-67.0892,72.59,99,100,2.08,light rain
656,Berezovka,BY,53.7214,25.4993,56.25,81,79,3.49,broken clouds
657,Sao Gotardo,BR,-19.3111,-46.0489,59.63,71,12,3.56,few clouds
658,Marsaxlokk,MT,35.8419,14.5431,67.08,94,20,4.61,few clouds
659,El Paso,US,31.8001,-106.2005,78.46,21,75,6.35,broken clouds
660,Uvalde,US,29.3669,-99.767,67.19,73,75,7.87,broken clouds
661,Shintomi,JP,32.0785,131.4723,78.12,76,100,4.21,overcast clouds
662,Strezhevoy,RU,60.7333,77.5889,46.38,39,96,11.48,overcast clouds
663,Pombas,CV,17.1503,-25.0201,71.38,82,51,14.83,broken clouds
664,Edson,CA,53.5835,-116.4356,66.31,39,1,2.3,clear sky
665,Gua Musang,MY,4.8823,101.9644,92.73,55,84,2.42,broken clouds
666,Bani,DO,18.2833,-70.3333,76.86,82,87,10.54,overcast clouds
667,Barra Patuca,HN,15.8,-84.2833,78.85,84,61,8.43,broken clouds
668,Juarez,MX,31.7333,-106.4833,79.61,17,75,7.16,broken clouds
669,Yumen,CN,40.2833,97.2,86.85,7,6,17.02,clear sky
670,Tenenkou,ML,14.4572,-4.9169,90.79,27,8,6.55,clear sky
671,Waddan,LY,29.1614,16.139,77.52,39,50,4.09,scattered clouds
672,Labuhan,ID,-6.8844,112.2051,88.72,62,62,11.79,broken clouds
673,Mantua,IT,45.1667,10.7833,68.74,84,8,0.74,clear sky
674,Touros,BR,-5.1989,-35.4608,72.5,89,3,8.95,clear sky
675,College,US,64.8569,-147.8028,70.12,33,75,10.36,broken clouds
676,Bielsk Podlaski,PL,52.7651,23.1865,61.02,79,92,5.21,overcast clouds
677,Zyryanka,RU,65.75,150.85,71.02,21,65,12.1,broken clouds
678,Samfya,ZM,-11.3649,29.5565,61.41,79,25,5.32,scattered clouds
679,Bubaque,GW,11.2833,-15.8333,78.22,78,46,12.55,scattered clouds
680,Fengrun,CN,39.8333,118.1167,81.75,22,4,20.94,clear sky
681,Sosnytsya,UA,51.5239,32.4999,55.72,76,100,9.24,overcast clouds
682,Alta Floresta,BR,-9.8756,-56.0861,67.39,72,31,1.54,scattered clouds
683,Ucluelet,CA,48.9329,-125.5528,61.05,86,41,1.01,scattered clouds
684,San Carlos De Bariloche,AR,-41.1456,-71.3082,44.35,76,40,9.13,moderate rain
685,Redlands,US,34.0556,-117.1825,83.55,63,1,11.5,clear sky
686,Puerto Rico,AR,-26.796,-55.024,64.65,88,2,2.93,clear sky
687,Sept-Iles,CA,50.2001,-66.3821,52.23,88,90,4.61,overcast clouds
688,Coruripe,BR,-10.1256,-36.1756,73.29,90,35,2.89,scattered clouds
689,Clive,US,41.603,-93.7241,71.82,56,1,1.99,clear sky
690,Troyes,FR,48.3333,4.0833,61.57,94,90,1.14,mist
